{"cameraMode":{"drawMode":0,"name":"Shaded","section":"Shading Mode"},"sceneLighting":false,"audioPlay":false,"sceneViewState":{"m_AlwaysRefresh":true,"showFog":true,"showSkybox":false,"showFlares":true,"showImageEffects":true,"showParticleSystems":true,"showVisualEffectGraphs":true,"m_FxEnabled":true},"in2DMode":false,"pivot":{"x":-0.007324814796447754,"y":0.6172847747802734,"z":-0.006397366523742676},"rotation":{"x":0.5561990737915039,"y":-0.0049909246154129509,"z":0.0033404319547116758,"w":0.8310389518737793},"size":1.144375205039978,"orthographic":false}