{"cameraMode":{"drawMode":0,"name":"Shaded","section":"Shading Mode"},"sceneLighting":false,"audioPlay":false,"sceneViewState":{"m_AlwaysRefresh":false,"showFog":true,"showSkybox":false,"showFlares":true,"showImageEffects":true,"showParticleSystems":true,"showVisualEffectGraphs":true,"m_FxEnabled":true},"in2DMode":false,"pivot":{"x":-6.258487701416016e-7,"y":0.2892141342163086,"z":-2.980232238769531e-7},"rotation":{"x":-0.35816630721092226,"y":0.006158655043691397,"z":-0.002364249201491475,"w":-0.9336374998092651},"size":0.5173554420471191,"orthographic":false}