{"cameraMode":{"drawMode":0,"name":"Shaded","section":"Shading Mode"},"sceneLighting":true,"audioPlay":false,"sceneViewState":{"m_AlwaysRefresh":true,"showFog":true,"showSkybox":true,"showFlares":true,"showImageEffects":true,"showParticleSystems":true,"showVisualEffectGraphs":true,"m_FxEnabled":true},"in2DMode":false,"pivot":{"x":16.67949676513672,"y":-10.903117179870606,"z":9.620823860168457},"rotation":{"x":-0.29766109585762026,"y":-0.40007728338241579,"z":0.13918249309062959,"w":-0.8555648326873779},"size":11.590841293334961,"orthographic":false}