{"cameraMode":{"drawMode":0,"name":"Shaded","section":"Shading Mode"},"sceneLighting":false,"audioPlay":false,"sceneViewState":{"m_AlwaysRefresh":true,"showFog":true,"showSkybox":false,"showFlares":true,"showImageEffects":true,"showParticleSystems":true,"showVisualEffectGraphs":true,"m_FxEnabled":true},"in2DMode":false,"pivot":{"x":0.04145751893520355,"y":0.805269718170166,"z":0.737607479095459},"rotation":{"x":0.3042392134666443,"y":-0.03143369033932686,"z":0.010046014562249184,"w":0.9520342946052551},"size":2.1258292198181154,"orthographic":false}