{"cameraMode":{"drawMode":0,"name":"Shaded","section":"Shading Mode"},"sceneLighting":false,"audioPlay":false,"sceneViewState":{"m_AlwaysRefresh":true,"showFog":true,"showSkybox":false,"showFlares":true,"showImageEffects":true,"showParticleSystems":true,"showVisualEffectGraphs":true,"m_FxEnabled":true},"in2DMode":false,"pivot":{"x":-0.35296353697776797,"y":0.4997059106826782,"z":0.1802687644958496},"rotation":{"x":0.3214193284511566,"y":0.021298754960298539,"z":-0.0072309584356844429,"w":0.9466804265975952},"size":1.482418179512024,"orthographic":false}