{"cameraMode":{"drawMode":0,"name":"Shaded","section":"Shading Mode"},"sceneLighting":false,"audioPlay":false,"sceneViewState":{"m_AlwaysRefresh":true,"showFog":true,"showSkybox":false,"showFlares":true,"showImageEffects":true,"showParticleSystems":true,"showVisualEffectGraphs":true,"m_FxEnabled":true},"in2DMode":false,"pivot":{"x":0.03030155599117279,"y":1.2530618906021119,"z":-0.046460315585136417},"rotation":{"x":0.4920577108860016,"y":-0.4992543160915375,"z":0.5658170580863953,"w":0.4341799318790436},"size":0.5636916160583496,"orthographic":false}