{"cameraMode":{"drawMode":0,"name":"Shaded","section":"Shading Mode"},"sceneLighting":false,"audioPlay":false,"sceneViewState":{"m_AlwaysRefresh":true,"showFog":true,"showSkybox":false,"showFlares":true,"showImageEffects":true,"showParticleSystems":true,"showVisualEffectGraphs":true,"m_FxEnabled":true},"in2DMode":false,"pivot":{"x":-0.06696027517318726,"y":0.14423251152038575,"z":0.8018219470977783},"rotation":{"x":0.3914519250392914,"y":-0.020707014948129655,"z":0.00881193671375513,"w":0.9199347496032715},"size":1.872678518295288,"orthographic":false}