{"cameraMode":{"drawMode":0,"name":"Shaded","section":"Shading Mode"},"sceneLighting":false,"audioPlay":false,"sceneViewState":{"m_AlwaysRefresh":true,"showFog":true,"showSkybox":false,"showFlares":true,"showImageEffects":true,"showParticleSystems":true,"showVisualEffectGraphs":true,"m_FxEnabled":true},"in2DMode":false,"pivot":{"x":-0.04926811158657074,"y":0.1386425495147705,"z":0.462225079536438},"rotation":{"x":0.31427595019340517,"y":-0.025632526725530626,"z":0.00849190354347229,"w":0.9489595890045166},"size":1.230844259262085,"orthographic":false}