{"cameraMode":{"drawMode":0,"name":"Shaded","section":"Shading Mode"},"sceneLighting":false,"audioPlay":false,"sceneViewState":{"m_AlwaysRefresh":true,"showFog":true,"showSkybox":false,"showFlares":true,"showImageEffects":true,"showParticleSystems":true,"showVisualEffectGraphs":true,"m_FxEnabled":true},"in2DMode":false,"pivot":{"x":-0.3602215647697449,"y":0.676276683807373,"z":-0.6263712644577026},"rotation":{"x":-0.02685040980577469,"y":0.9528974294662476,"z":-0.28883662819862368,"w":-0.08858644962310791},"size":1.3447461128234864,"orthographic":false}